City,Cloudiness,Country,Date,Humidity,Lat,Lng,Max Temp,Wind Speed
rikitea,44,PF,1547172203,99,-23.12,-134.97,299.661,7.36
new norfolk,20,AU,1547170200,27,-42.78,147.06,298.15,4.1
aklavik,90,CA,1547168400,67,68.22,-135.01,242.15,1.5
busselton,0,AU,1547172198,97,-33.64,115.35,293.436,1.71
atuona,20,PF,1547172193,99,-9.8,-139.03,300.711,7.36
road town,20,VG,1547168400,73,18.42,-64.62,299.25,1.5
provideniya,0,RU,1547170200,64,64.42,-173.23,255.15,5.0
ahipara,36,NZ,1547172201,67,-35.17,173.16,297.836,4.21
thompson,20,CA,1547168400,76,55.74,-97.86,251.15,3.6
mataura,92,NZ,1547172202,73,-46.19,168.86,286.361,9.31
kavaratti,0,IN,1547172761,100,10.57,72.64,300.611,3.66
sitka,12,US,1547172204,54,37.17,-99.65,280.686,7.16
carnarvon,0,ZA,1547172762,56,-30.97,22.13,282.861,1.26
zaragoza,0,ES,1547170200,59,41.65,-0.88,275.15,8.7
ziro,0,IN,1547172762,64,27.54,93.82,278.936,0.71
zambezi,64,ZM,1547172763,90,-13.55,23.12,294.086,3.31
linjiang,0,CN,1547172763,73,41.81,126.91,265.861,1.56
cloquet,90,US,1547171700,77,46.72,-92.46,267.15,7.7
vila do maio,0,CV,1547168400,73,15.13,-23.22,294.15,6.2
khandbari,36,NP,1547172764,51,27.38,87.21,267.311,0.71
kodiak,1,US,1547171700,63,39.95,-94.76,274.85,6.2
gornyak,56,KZ,1547172764,70,51.0,81.46,256.036,1.41
severo-kurilsk,0,RU,1547172765,100,50.68,156.12,266.211,1.26
airai,32,TL,1547172765,83,-8.93,125.41,299.536,0.81
khatanga,12,RU,1547172765,0,71.98,102.47,231.711,2.21
longyearbyen,90,NO,1547171400,66,78.22,15.63,264.15,14.4
xinyu,92,CN,1547172766,100,27.8,114.93,280.311,1.86
vaini,0,IN,1547168400,81,15.34,74.49,284.15,1.81
chokurdakh,32,RU,1547172766,0,70.62,147.9,234.161,1.41
aldan,68,RU,1547172767,76,58.61,125.39,261.086,1.76
mushie,56,CD,1547172767,94,-3.02,16.92,296.961,0.96
sao filipe,48,CV,1547172767,96,14.9,-24.5,295.611,7.56
luderitz,0,NA,1547172768,92,-26.65,15.16,287.111,1.36
tiksi,64,RU,1547172768,0,71.64,128.87,237.686,1.76
port alfred,64,ZA,1547172199,95,-33.59,26.89,291.911,2.71
hilo,1,US,1547167980,60,19.71,-155.08,299.25,5.1
jamestown,0,AU,1547172769,63,-33.21,138.6,302.111,3.51
sovetskiy,64,RU,1547172769,91,56.76,48.47,261.411,4.21
rocha,64,UY,1547172769,88,-34.48,-54.34,291.161,1.76
hachinohe,56,JP,1547172770,55,40.47,141.48,273.161,5.56
kasongo-lunda,76,CD,1547172770,96,-6.48,16.82,294.111,0.96
albany,90,US,1547171640,73,42.65,-73.75,269.85,5.1
georgetown,20,GY,1547168400,88,6.8,-58.16,297.15,2.1
saskylakh,56,RU,1547172771,0,71.97,114.09,232.736,1.41
tuktoyaktuk,20,CA,1547168400,73,69.44,-133.03,238.15,2.6
komsomolskiy,24,RU,1547172772,67,67.55,63.78,250.036,6.26
kaitangata,64,NZ,1547172203,66,-46.28,169.85,287.436,10.26
arraial do cabo,24,BR,1547172772,88,-22.97,-42.02,298.036,7.61
hobart,20,AU,1547170200,27,-42.88,147.33,298.15,4.1
kapaa,90,US,1547171760,68,22.08,-159.32,299.25,3.1
yellowknife,90,CA,1547171100,76,62.45,-114.38,250.15,7.2
barrow,0,AR,1547172773,80,-38.31,-60.23,282.086,1.21
te anau,44,NZ,1547172773,49,-45.41,167.72,288.111,4.11
nikolskoye,90,RU,1547170200,79,59.7,30.79,268.15,3.0
namibe,0,AO,1547172834,100,-15.19,12.15,295.936,0.71
beloha,92,MG,1547172835,97,-25.17,45.06,296.336,5.26
alta floresta,56,BR,1547172835,95,-9.87,-56.08,296.436,0.96
butembo,36,CD,1547172835,88,0.12,29.29,286.536,0.51
butaritari,76,KI,1547172835,100,3.07,172.79,303.036,3.86
cape town,75,ZA,1547172000,82,-33.93,18.42,290.15,3.6
ostrovnoy,36,RU,1547172836,88,68.05,39.51,266.361,12.66
hithadhoo,88,MV,1547172781,100,-0.6,73.08,300.361,1.31
chapais,90,CA,1547171100,76,49.78,-74.86,253.15,8.7
olga,1,US,1547171580,86,34.11,-118.17,288.75,2.6
teguldet,44,RU,1547172837,61,57.31,88.17,251.336,2.21
narsaq,32,GL,1547172837,59,60.91,-46.05,262.936,1.71
golden,0,CA,1547172837,88,51.3,-116.96,261.786,0.66
bloemfontein,0,ZA,1547168400,58,-29.12,26.22,287.15,1.0
fortuna,0,ES,1547170200,51,38.18,-1.13,277.15,3.1
bambous virieux,75,MU,1547172000,94,-20.34,57.76,298.15,5.1
east london,56,ZA,1547172770,100,-33.02,27.91,293.911,5.01
ushuaia,40,AR,1547168400,47,-54.81,-68.31,287.15,8.2
bassila,0,BJ,1547172839,68,9.0,1.66,294.286,0.06
coos bay,1,US,1547171760,85,43.37,-124.22,284.85,1.5
nanakuli,90,US,1547171820,79,21.39,-158.15,299.85,2.6
avarua,75,CK,1547172000,61,-21.21,-159.78,301.15,8.2
lebu,0,ET,1547172840,71,8.96,38.73,271.461,1.21
candelaria,76,CO,1547172840,97,3.41,-76.35,286.686,0.41
chara,40,GR,1547171400,86,39.42,22.43,277.15,2.1
kupang,40,ID,1547170200,74,-10.16,123.6,304.15,1.5
moerai,92,PF,1547172841,100,-22.43,-151.33,296.911,8.81
mahebourg,75,MU,1547172000,94,-20.41,57.7,298.15,5.1
shingu,75,JP,1547172000,46,33.72,135.99,285.15,6.7
paka,0,HR,1547170200,86,45.29,18.06,271.15,3.1
monticello,1,US,1547171760,72,45.31,-93.79,269.15,2.1
praya,20,ID,1547170200,74,-8.71,116.27,303.15,3.1
fairbanks,20,US,1547171880,73,64.84,-147.72,240.95,1.41
zyryanka,0,RU,1547172843,51,65.73,150.89,238.336,1.11
castro,32,CL,1547172000,81,-42.48,-73.76,282.15,2.1
ribeira grande,88,PT,1547172844,100,38.52,-28.7,288.536,13.11
namatanai,0,PG,1547172824,89,-3.66,152.44,303.736,5.81
volksrust,0,ZA,1547172655,83,-27.36,29.88,288.336,2.21
contamana,48,PE,1547172844,95,-7.35,-75.01,296.786,0.91
jardim,24,BR,1547172822,77,-21.48,-56.15,298.186,2.36
porto novo,40,BR,1547172000,83,-23.68,-45.44,296.15,0.5
qinhuangdao,88,CN,1547172845,28,39.94,119.59,273.536,0.86
hambantota,40,LK,1547169000,100,6.12,81.12,296.15,1.0
auki,0,NG,1547172846,54,12.18,6.51,288.336,2.16
hermanus,0,ZA,1547172749,95,-34.42,19.24,282.711,1.86
cabo san lucas,40,MX,1547171340,82,22.89,-109.91,294.15,3.6
notre-dame-de-gravenchon,90,FR,1547170200,81,49.49,0.57,279.15,1.5
gat,76,SN,1547170200,77,14.69,-16.54,292.15,6.2
kavieng,48,PG,1547172847,100,-2.57,150.8,301.836,3.41
mar del plata,0,AR,1547172613,46,-46.43,-67.52,290.236,8.06
gemena,8,CD,1547172847,85,3.25,19.78,294.786,0.91
khor,0,RU,1547172847,62,47.88,134.96,257.811,4.06
punta arenas,0,CL,1547172000,62,-53.16,-70.91,286.15,9.3
abohar,68,IN,1547172908,92,30.15,74.2,285.486,4.81
katsuura,75,JP,1547172000,50,33.93,134.5,284.15,4.1
norman wells,75,CA,1547168400,65,65.28,-126.83,236.15,1.5
zhigansk,68,RU,1547172909,0,66.77,123.37,237.061,2.56
ilulissat,0,GL,1547171400,52,69.22,-51.1,251.15,3.6
bredasdorp,0,ZA,1547172000,82,-34.53,20.04,286.15,2.1
santa isabel,75,CO,1547172000,100,4.71,-75.1,294.15,1.5
scarborough,68,GB,1547171400,81,54.28,-0.41,280.15,2.1
granadilla de abona,20,ES,1547170200,62,28.12,-16.58,289.15,3.1
manokwari,12,ID,1547172911,100,-0.87,134.08,300.836,2.01
gunupur,0,IN,1547172911,80,19.07,83.81,290.036,1.56
port macquarie,40,AU,1547168400,58,-31.43,152.91,302.15,5.1
kirando,68,TZ,1547172912,100,-7.37,30.62,295.211,3.01
dzidzantun,0,MX,1547172673,75,21.25,-89.05,291.611,1.76
tuy hoa,36,VN,1547172912,91,13.08,109.3,298.811,3.41
praxedis guerrero,90,MX,1547171460,86,31.37,-106.02,283.15,2.1
birao,0,CF,1547172913,62,10.3,22.78,287.736,3.86
los llanos de aridane,40,ES,1547170200,62,28.66,-17.92,288.15,4.1
tasiilaq,80,GL,1547171400,79,65.61,-37.64,266.15,10.8
rancho palos verdes,75,US,1547172540,83,33.75,-118.37,287.55,1.5
camacupa,36,AO,1547172914,88,-12.02,17.48,290.986,2.81
cherskiy,0,RU,1547172914,53,68.75,161.3,255.711,3.71
victoria,75,BN,1547170200,70,5.28,115.24,303.15,3.6
prievidza,0,SK,1547172000,85,48.77,18.62,271.15,1.0
bluff,92,AU,1547172915,76,-23.58,149.07,299.911,4.66
kalmunai,76,LK,1547172916,97,7.42,81.82,297.486,3.21
buraydah,0,SA,1547168400,70,26.33,43.97,282.15,2.1
black forest,0,AU,1547170200,32,-34.96,138.58,301.15,4.1
pfarrkirchen,44,DE,1547172916,66,48.43,12.94,260.836,2.76
clyde river,1,CA,1547168400,67,70.47,-68.59,242.15,6.7
saint george,40,GR,1547171400,86,39.45,22.34,277.15,2.1
cidreira,48,BR,1547172917,90,-30.17,-50.22,296.236,2.76
lorengau,0,PG,1547172918,92,-2.02,147.27,303.111,4.06
cachoeirinha,20,BR,1547172000,74,-29.95,-51.09,299.15,3.6
ancud,12,CL,1547172000,81,-41.87,-73.83,282.15,2.1
monroe,75,US,1547171760,74,41.91,-83.4,269.85,1.31
yarmouth,24,GB,1547167800,87,50.71,-1.5,279.15,3.1
banda aceh,32,ID,1547172758,85,5.56,95.32,300.836,2.06
nioro,44,GM,1547172889,47,13.79,-15.05,293.061,2.16
yerbogachen,0,RU,1547172920,55,61.28,108.01,254.636,3.41
kargasok,12,RU,1547172920,72,59.06,80.87,246.386,1.76
pathein,8,MM,1547172920,71,16.78,94.73,298.561,2.01
rabo de peixe,75,PT,1547170200,87,37.8,-25.58,287.15,6.2
cordoba,64,CO,1547172921,93,5.59,-73.79,283.086,0.66
vardo,1,US,1547171700,52,39.62,-77.74,272.15,7.2
bethel,1,US,1547171760,72,60.79,-161.76,248.15,5.1
kendari,32,ID,1547172923,83,-3.99,122.52,303.236,0.26
caravelas,68,BR,1547172923,100,-17.73,-39.27,299.736,4.56
araouane,0,ML,1547172923,58,18.9,-3.53,280.336,1.51
faanui,92,PF,1547172923,100,-16.48,-151.75,302.186,7.31
meulaboh,36,ID,1547172924,100,4.14,96.13,300.211,0.51
buala,92,SB,1547172924,90,-8.15,159.59,301.961,1.41
tornio,90,FI,1547171400,100,61.12,27.27,271.15,6.2
vostok,20,RU,1547172792,61,46.45,135.83,257.236,1.31
bugarama,8,BI,1547172925,91,-3.29,29.55,288.586,0.71
dikson,24,RU,1547172985,100,73.51,80.55,244.811,2.56
batemans bay,12,AU,1547172985,88,-35.71,150.18,296.486,1.31
hiji,40,JP,1547172000,50,33.37,131.53,284.15,4.1
choszczno,90,PL,1547172000,86,53.17,15.42,272.15,2.1
svetlogorsk,40,RU,1547172000,84,53.14,59.15,259.15,2.0
portland,40,US,1547171580,79,45.52,-122.67,284.85,1.5
omsukchan,76,RU,1547172987,72,62.53,155.8,245.211,1.61
oktyabrskiy,75,RU,1547170200,84,55.61,37.97,264.15,1.0
mecca,0,SA,1547172907,81,21.43,39.83,284.161,1.21
manzhouli,0,CN,1547172987,79,49.6,117.43,256.936,1.91
ponta do sol,48,BR,1547172988,83,-20.63,-46.0,292.436,1.21
zhuhai,0,CN,1547168400,71,40.71,112.04,260.15,1.0
sao joao da barra,20,BR,1547172988,97,-21.64,-41.05,299.236,5.46
taldan,0,RU,1547172988,59,53.69,124.82,253.936,1.71
kozlovo,56,RU,1547172989,88,56.51,36.26,261.836,3.21
san quintin,0,PH,1547172989,58,17.54,120.52,301.036,1.81
middlebury,90,US,1547171760,88,44.01,-73.17,264.85,2.1
loveland,90,US,1547171760,32,40.4,-105.08,280.95,2.1
hamilton,75,BM,1547171700,63,32.3,-64.78,289.15,8.7
merauke,20,ID,1547172990,87,-8.49,140.4,302.986,4.21
bilibino,8,RU,1547172957,53,68.06,166.44,249.311,1.31
lompoc,75,US,1547171760,93,34.64,-120.46,285.35,1.5
upernavik,20,GL,1547172991,100,72.79,-56.15,252.286,3.46
port lincoln,92,AU,1547172991,53,-34.72,135.86,301.086,5.36
guerrero negro,0,MX,1547172734,100,27.97,-114.04,284.311,2.06
itarema,92,BR,1547172992,94,-2.92,-39.92,296.211,1.61
faya,0,SA,1547168400,93,18.39,42.45,285.15,1.06
constitucion,5,MX,1547171520,31,23.99,-104.67,289.15,5.7
gornopravdinsk,12,RU,1547172993,29,60.06,69.92,244.186,1.16
fare,80,PF,1547172983,100,-16.7,-151.02,301.086,5.56
chernyshevskiy,44,RU,1547172994,69,63.01,112.47,255.961,2.91
zhezkazgan,75,KZ,1547172000,76,47.8,67.71,251.15,2.0
las palmas,40,PE,1547172000,290,-6.53,-76.35,290.15,6.2
isangel,0,VU,1547172995,100,-19.55,169.27,299.836,3.01
poum,64,MK,1547172995,75,41.28,20.71,263.186,0.41
jackson,1,US,1547171760,71,35.61,-88.82,274.15,2.41
lincoln,1,US,1547171700,69,40.8,-96.67,275.35,4.6
saint-francois,90,FR,1547170200,86,46.42,3.91,272.15,2.1
walvis bay,0,NA,1547168400,82,-22.95,14.51,287.15,2.1
pevek,36,RU,1547172997,71,69.7,170.27,259.311,10.41
hokitika,0,NZ,1547172997,90,-42.72,170.96,290.236,7.06
pereslavl-zalesskiy,36,RU,1547172997,90,56.74,38.86,261.461,3.91
grindavik,75,IS,1547172000,100,63.84,-22.43,278.15,6.7
severnoye,68,RU,1547172998,79,54.09,52.54,260.186,3.01
puerto ayora,32,EC,1547172974,100,-0.74,-90.35,297.661,2.66
alofi,90,NU,1547172000,88,-19.06,-169.92,299.15,3.6
sisimiut,8,GL,1547172998,100,66.94,-53.67,244.636,1.16
camacha,75,PT,1547170200,59,33.08,-16.33,289.15,1.5
hami,76,CN,1547172964,69,42.84,93.51,261.061,1.81
fort nelson,40,CA,1547168400,83,58.81,-122.69,249.15,1.0
ayna,0,ES,1547168400,85,38.55,-2.07,266.15,1.0
saint-philippe,90,CA,1547170920,66,45.36,-73.48,263.05,8.2
enshi,44,CN,1547173000,97,30.29,109.48,275.936,1.46
saint-pierre,88,FR,1547170200,100,48.95,4.24,273.15,1.0
bireun,12,ID,1547173060,100,5.2,96.7,300.186,2.86
pangnirtung,0,CA,1547173060,42,66.15,-65.72,240.461,1.46
shieli,48,KZ,1547173060,91,44.18,66.74,267.811,5.46
touros,40,BR,1547172000,83,-5.2,-35.46,299.15,2.6
vysokogornyy,8,RU,1547173061,60,50.1,139.13,255.311,2.31
cusuna,92,HN,1547173061,100,15.85,-85.23,292.736,0.86
coolum beach,92,AU,1547173061,76,-26.53,153.09,299.286,3.46
canmore,1,CA,1547168400,44,51.09,-115.35,277.15,6.2
nanchang,92,CN,1547173062,100,28.68,115.89,280.286,2.56
talnakh,36,RU,1547172791,46,69.49,88.39,239.211,1.61
khorramabad,0,IR,1547171400,79,33.48,48.35,271.15,4.1
filadelfia,80,PY,1547173063,87,-22.35,-60.04,297.736,3.26
boende,32,CD,1547173063,97,-0.28,20.88,295.461,1.21
tuatapere,88,NZ,1547172985,100,-46.13,167.69,284.961,7.11
souillac,0,FR,1547170200,86,45.6,-0.6,274.15,2.21
lata,92,IN,1547173064,98,30.78,78.62,273.811,0.76
anadyr,90,RU,1547170200,72,64.73,177.51,263.15,12.0
berlevag,12,NO,1547173064,100,70.86,29.09,270.486,5.96
camocim,88,BR,1547173065,95,-2.9,-40.84,295.936,1.46
katiola,44,CI,1547168400,65,8.14,-5.1,299.15,2.1
san patricio,56,PY,1547172983,94,-26.98,-56.83,297.461,1.11
ishigaki,75,JP,1547172000,88,24.34,124.16,298.15,4.1
espirito santo do pinhal,0,BR,1547168400,78,-22.12,-46.68,296.15,1.5
takoradi,12,GH,1547172817,100,4.89,-1.75,299.836,2.31
yulara,0,AU,1547172000,8,-25.24,130.99,313.15,6.7
pontianak,40,ID,1547172000,78,-0.02,109.34,301.15,1.61
tsiroanomandidy,92,MG,1547173066,98,-18.77,46.05,291.336,1.61
tomatlan,0,MX,1547173067,91,19.93,-105.25,293.336,1.11
evensk,88,RU,1547172767,97,61.92,159.24,268.561,5.26
awbari,0,LY,1547173067,71,26.59,12.77,273.036,1.56
roald,88,NO,1547171400,100,62.58,6.12,277.15,8.7
lebyazhye,90,RU,1547172000,79,59.96,29.42,268.15,3.0
port hawkesbury,40,CA,1547170800,92,45.62,-61.36,272.15,4.6
lavrentiya,0,RU,1547173068,82,65.58,-170.99,250.736,6.61
mahibadhoo,48,MV,1547173068,100,3.78,72.97,300.961,6.51
kisanga,64,CD,1547173069,94,-11.72,27.4,291.461,2.21
beringovskiy,68,RU,1547173069,90,63.05,179.32,264.936,10.06
shimoda,75,JP,1547172000,53,34.7,138.93,284.15,4.1
silver city,90,US,1547172900,93,32.77,-108.28,279.15,2.6
bemidji,1,US,1547171700,73,47.48,-94.89,264.45,4.1
roebourne,0,AU,1547173070,13,-20.77,117.15,314.961,3.56
visby,92,SE,1547171400,100,57.64,18.3,275.15,9.8
sijunjung,88,ID,1547173071,93,-0.69,100.95,296.561,1.46
coruripe,80,BR,1547173071,99,-10.12,-36.18,299.536,4.76
arinos,92,BR,1547173071,67,-15.92,-46.11,296.911,2.71
marawi,80,PH,1547173072,65,8.0,124.29,299.686,1.26
deputatskiy,48,RU,1547172902,0,69.3,139.9,235.736,1.26
nerchinskiy zavod,12,RU,1547173072,70,51.31,119.61,255.236,1.26
singarayakonda,32,IN,1547173072,83,15.25,80.02,295.061,1.86
athni,0,IN,1547173073,65,16.73,75.07,288.561,2.11
broome,80,GB,1547171760,93,52.47,1.45,281.15,3.1
mendi,0,ET,1547173073,74,9.8,35.1,282.436,1.01
pacifica,40,US,1547171760,86,37.61,-122.49,287.05,3.1
oum hadjer,0,TD,1547173074,43,13.3,19.7,288.786,2.76
jacala,92,MX,1547173134,97,21.0,-99.19,286.461,0.86
leningradskiy,76,RU,1547173134,97,69.38,178.42,255.661,10.41
jamsa,90,FI,1547171400,100,61.86,25.19,272.15,6.2
jesus carranza,90,MX,1547171700,86,31.49,-106.24,283.15,2.1
lithakia,92,GR,1547171400,87,37.72,20.83,281.15,2.6
espinosa,36,BR,1547173135,84,-14.92,-42.81,293.711,3.06
general roca,0,AR,1547172000,44,-39.03,-67.58,287.15,3.46
bilma,0,NE,1547172904,69,18.69,12.92,278.486,1.11
roma,0,IT,1547171400,80,41.89,12.48,276.15,5.1
okhotsk,0,RU,1547173136,100,59.36,143.24,250.811,4.11
saint-paul-les-dax,0,FR,1547170200,92,43.73,-1.05,274.15,1.0
mehamn,12,NO,1547173137,83,71.03,27.85,270.786,6.91
brownfield,1,US,1547171700,71,33.18,-102.27,285.95,2.6
tabas,8,IR,1547172000,74,33.6,56.92,275.15,1.0
adre,0,TD,1547173138,51,13.47,22.2,290.086,5.46
matagami,0,NG,1547173138,50,9.67,8.4,287.961,2.66
belmonte,0,PT,1547173139,58,40.36,-7.35,269.911,3.01
algarrobo,12,CO,1547173139,81,10.19,-74.06,292.336,0.96
bathsheba,40,BB,1547172000,74,13.22,-59.52,299.15,6.2
teya,5,MX,1547171160,60,21.05,-89.07,294.15,1.5
port elizabeth,1,US,1547171760,53,39.31,-74.98,274.25,8.7
manoel urbano,0,BR,1547173140,84,-8.84,-69.26,297.786,1.66
nouakchott,0,MR,1547170200,55,18.08,-15.98,289.15,4.6
hasaki,20,JP,1547172000,31,35.73,140.83,283.15,8.2
esso,56,RU,1547173140,83,55.93,158.7,257.911,1.06
puurmani,90,EE,1547171400,85,58.57,26.29,268.15,6.2
esperance,20,TT,1547172000,94,10.24,-61.45,297.15,1.5
tucumcari,20,US,1547171580,54,35.17,-103.73,283.75,2.1
hualmay,56,PE,1547173142,94,-11.1,-77.61,292.236,1.66
pisco,90,PE,1547172000,88,-13.71,-76.2,295.15,4.6
campoverde,0,IT,1547171400,80,41.54,12.73,276.15,5.1
salalah,0,OM,1547171400,82,17.01,54.1,292.15,1.5
russell,0,AR,1547173143,98,-33.01,-68.8,279.061,0.96
springdale,90,US,1547171880,35,36.19,-94.13,279.85,2.1
port hueneme,75,US,1547171820,80,34.15,-119.2,287.55,1.5
torbay,90,CA,1547168400,93,47.66,-52.73,276.15,4.6
york,75,GB,1547171400,86,53.96,-1.08,281.15,3.6
kingisepp,88,RU,1547173144,77,59.38,28.61,266.736,4.56
oksfjord,88,NO,1547171400,63,70.24,22.35,272.15,7.2
borovoy,64,RU,1547173145,71,63.23,52.89,255.886,3.81
shenjiamen,92,CN,1547173145,100,29.96,122.3,285.461,5.01
winnemucca,1,US,1547168160,64,40.97,-117.74,278.75,3.1
mollendo,8,PE,1547173145,91,-17.03,-72.02,286.186,0.96
antofagasta,0,CL,1547172000,68,-23.65,-70.4,293.15,2.1
whitehorse,40,CA,1547168400,83,60.72,-135.06,251.15,7.7
sembakung,40,ID,1547172000,74,3.82,117.25,302.15,3.6
nanortalik,32,GL,1547173147,84,60.14,-45.24,270.911,2.56
galveston,90,US,1547171760,82,40.58,-86.19,270.65,2.1
cockburn town,12,TC,1547173147,100,21.46,-71.14,296.661,5.66
keflavik,75,IS,1547172000,100,64.0,-22.56,278.15,6.7
college,20,US,1547171880,73,64.86,-147.8,240.95,1.41
sur,8,OM,1547173148,100,22.57,59.53,294.736,1.11
nouadhibou,0,MR,1547172967,71,20.93,-17.03,288.736,5.46
midland,1,US,1547171700,69,32.0,-102.08,286.85,4.6
majene,36,ID,1547173149,100,-3.54,118.97,301.361,0.61
kalemie,48,CD,1547173209,100,-5.95,29.2,295.586,3.91
pacific grove,20,US,1547172600,85,36.62,-121.92,287.15,1.16
vila franca do campo,75,PT,1547170200,87,37.72,-25.43,287.15,6.2
copala,0,MX,1547173210,98,16.61,-98.97,293.736,1.31
talant,0,FR,1547170200,92,47.34,5.0,272.15,2.6
hofn,88,IS,1547173210,100,64.25,-15.21,276.036,6.46
nyuzen,40,JP,1547172000,100,36.93,137.5,280.15,2.6
chifeng,24,CN,1547173211,32,42.27,118.96,269.486,1.76
kutum,0,SD,1547173211,49,14.2,24.66,282.236,3.76
hirara,40,JP,1547172000,88,24.8,125.28,299.15,4.6
kuala terengganu,75,MY,1547172000,74,5.33,103.14,302.15,3.1
hovd,75,NO,1547171400,69,63.83,10.7,277.15,19.0
jiwani,32,PK,1547173213,93,25.05,61.74,291.036,3.46
paramonga,48,PE,1547173213,100,-10.68,-77.82,295.561,3.26
lagoa,0,PT,1547170200,53,37.14,-8.45,284.15,5.7
weinan,0,CN,1547172000,100,34.5,109.46,268.15,1.71
kisangani,56,CD,1547173214,100,0.52,25.21,294.861,1.06
jinchang,0,CN,1547173143,55,38.52,102.19,259.361,1.36
zhanaozen,32,KZ,1547173214,78,43.35,52.85,266.786,1.51
toccoa,1,US,1547171700,54,34.58,-83.33,276.45,2.6
ugoofaaru,0,MV,1547173215,100,5.67,73.0,300.536,4.16
iqaluit,75,CA,1547172000,68,63.75,-68.52,245.15,4.1
dalvik,76,SE,1547171400,100,57.79,14.13,274.15,5.1
egvekinot,0,RU,1547173215,0,66.32,-179.17,237.136,1.26
manama,20,AE,1547172000,77,25.33,56.02,294.15,4.1
grand gaube,75,MU,1547172000,94,-20.01,57.66,298.15,5.1
opuwo,0,NA,1547173216,57,-18.06,13.84,285.936,1.21
karlstad,88,SE,1547171400,84,59.38,13.5,273.15,2.1
colares,0,PT,1547170200,100,38.8,-9.45,281.15,6.2
coihaique,0,CL,1547172000,61,-45.58,-72.07,283.15,1.5
shimonoseki,40,JP,1547172000,57,33.97,130.94,284.15,0.5
alyangula,0,AU,1547172000,56,-13.85,136.42,307.15,2.6
klaksvik,56,FO,1547171400,93,62.23,-6.59,280.15,5.1
canoinhas,12,BR,1547173218,97,-26.18,-50.4,293.461,1.21
kaeo,100,NZ,1547173218,69,-35.1,173.78,297.711,1.81
charters towers,80,AU,1547173218,99,-20.07,146.27,298.161,6.31
saint-georges,76,CA,1547173215,64,46.12,-70.67,266.311,4.76
aksu,90,KZ,1547172000,75,52.04,76.93,247.15,1.76
maniitsoq,0,GL,1547173130,100,65.42,-52.9,258.736,2.91
parabel,12,RU,1547173219,80,58.71,81.5,245.336,2.11
yaan,0,NG,1547173220,88,7.38,8.57,293.536,1.61
palotina,32,BR,1547173220,85,-24.28,-53.84,298.286,2.86
pandan,32,PH,1547173220,100,11.72,122.09,299.986,10.86
husavik,88,CA,1547173220,88,50.56,-96.99,261.786,3.46
kruisfontein,56,ZA,1547173221,94,-34.0,24.73,290.186,2.01
praia da vitoria,75,PT,1547168400,87,38.73,-27.07,287.15,5.86
sretensk,36,RU,1547173221,68,52.24,117.7,255.811,1.16
nemuro,75,JP,1547172000,67,43.32,145.57,267.15,4.6
samoded,80,RU,1547173222,76,63.61,40.52,266.086,5.91
narasannapeta,0,IN,1547173222,74,18.42,84.04,292.586,1.86
rosamorada,0,MX,1547173222,80,22.12,-105.21,292.486,0.91
lluta,8,PE,1547173222,96,-16.02,-72.01,280.436,0.81
makakilo city,1,US,1547171820,66,21.35,-158.09,299.85,3.6
yamethin,48,MM,1547173223,84,20.43,96.14,293.986,2.21
akdepe,90,TM,1547172000,92,42.05,59.39,272.15,4.1
maunabo,20,PR,1547171760,93,18.01,-65.9,298.15,1.36
toppenish,90,US,1547172900,100,46.38,-120.31,274.15,1.21
nacala,92,MZ,1547173284,91,-14.56,40.69,301.536,6.76
chimbote,56,PE,1547173285,99,-9.08,-78.59,294.161,2.71
cotonou,20,BJ,1547168400,83,6.37,2.43,301.15,3.1
erzin,40,TR,1547171400,75,36.95,36.2,279.15,2.36
port-gentil,92,GA,1547173100,100,-0.72,8.78,299.186,2.06
rafaela,0,AR,1547173286,78,-31.25,-61.49,291.061,5.26
rio muerto,75,MX,1547170860,68,27.42,-110.23,292.15,2.6
antsohihy,92,MG,1547173287,99,-14.88,47.99,295.361,1.16
utete,44,TZ,1547173287,87,-7.99,38.76,299.186,1.91
haines junction,8,CA,1547173287,0,60.75,-137.51,231.336,0.96
eyl,100,SO,1547173287,100,7.98,49.82,296.186,7.01
muros,0,ES,1547170200,74,42.77,-9.06,278.15,1.5
tres picos,0,MX,1547173288,72,16.23,-93.58,291.911,2.21
varberg,90,SE,1547171400,100,57.11,12.25,277.15,5.7
naze,8,NG,1547168400,88,5.43,7.07,296.15,4.11
hervey bay,20,AU,1547172000,45,-25.3,152.85,304.15,6.7
prince rupert,90,CA,1547168400,87,54.32,-130.32,280.15,5.1
la union,44,GT,1547173289,97,14.97,-89.29,288.611,0.86
laguna,75,MX,1547170860,68,27.52,-110.01,292.15,2.6
moranbah,76,AU,1547173290,87,-22.0,148.04,299.786,5.36
mantua,0,IT,1547171400,74,45.16,10.79,274.15,2.1
manaus,75,BR,1547172000,94,-3.13,-59.98,296.15,1.5
udachnyy,64,RU,1547173177,39,66.42,112.4,240.636,1.31
veraval,90,FR,1547170200,93,49.65,0.71,279.15,1.0
kapit,92,MY,1547173291,90,2.02,112.94,298.661,1.21
vagay,76,RU,1547173292,66,57.94,69.02,253.061,2.26
toropets,76,RU,1547173292,77,56.5,31.64,260.336,3.66
srednekolymsk,56,RU,1547173039,44,67.46,153.71,239.986,1.16
peniche,0,PT,1547170200,100,39.36,-9.38,281.15,6.2
burnie,76,AU,1547173293,100,-41.05,145.91,290.361,6.31
vanimo,0,PG,1547173293,100,-2.67,141.3,300.911,4.21
sokoni,88,CD,1547173294,98,-12.89,28.78,291.086,2.01
zaranj,0,AF,1547172000,61,30.95,61.86,281.15,9.3
swift current,1,CA,1547168400,78,50.29,-107.8,265.15,4.6
khunti,0,IN,1547170200,87,23.08,85.28,281.15,1.86
galich,64,RU,1547173295,85,58.38,42.35,263.111,4.21
jalu,0,LY,1547173295,63,29.03,21.55,274.486,1.31
mayo,90,CA,1547168400,74,63.59,-135.9,242.15,0.56
mezen,92,RU,1547173296,77,65.85,44.24,264.336,6.01
ixtapa,5,MX,1547170980,94,20.71,-105.21,298.15,2.1
dunedin,0,NZ,1547173046,60,-45.87,170.5,289.836,6.91
agucadoura,0,PT,1547170200,45,41.43,-8.78,282.15,6.2
bukachacha,24,RU,1547173297,65,52.99,116.91,254.311,1.21
carutapera,88,BR,1547173297,99,-1.2,-46.02,296.811,0.86
lalmohan,0,BD,1547173297,78,22.34,90.74,292.786,4.81
cape canaveral,1,US,1547171760,78,28.41,-80.6,285.05,8.2
fairview,1,US,1547171760,53,40.81,-74.0,272.65,5.71
beira,0,ES,1547170200,60,43.2,-8.36,279.15,3.01
xinpu,75,TW,1547172000,100,24.83,121.07,297.15,3.6
miri,0,NG,1547173299,61,10.31,9.75,285.736,1.61
san andres,0,PH,1547173316,97,13.32,122.68,300.061,6.16
mishelevka,64,RU,1547173360,64,52.86,103.17,254.786,0.76
pio ix,76,BR,1547173360,97,-6.83,-40.61,291.561,3.16
palmer,0,AU,1547172000,30,-34.85,139.16,302.15,3.6
nishihara,40,JP,1547172000,34,35.74,139.53,284.15,5.1
lachi,92,PK,1547173361,94,33.38,71.34,277.161,1.16
mopti,0,ML,1547173361,73,14.49,-4.19,289.186,3.01
nantucket,1,US,1547171760,50,41.28,-70.1,273.15,5.1
mackay,1,CA,1547172000,91,53.65,-115.58,259.15,1.0
benguela,44,AO,1547173362,100,-12.58,13.4,296.711,0.66
sinnar,0,IN,1547173362,76,19.85,74.0,285.361,1.41
dingle,32,PH,1547173363,71,11.0,122.67,300.711,7.71
bereda,0,ES,1547172000,56,43.27,-7.54,279.15,2.1
tromso,90,NO,1547171400,94,69.65,18.96,273.15,22.6
maraa,0,BR,1547173364,93,-1.83,-65.37,297.211,2.31
gubbi,0,IN,1547173364,89,13.31,76.94,288.311,2.16
tiarei,75,PF,1547172000,78,-17.53,-149.33,299.15,2.6
trinidad,20,UY,1547173365,91,-33.52,-56.9,290.286,3.56
capao da canoa,48,BR,1547173365,98,-29.75,-50.01,297.461,3.91
rabaul,32,PG,1547173365,100,-4.2,152.17,301.786,1.11
basco,1,US,1547171700,73,40.33,-91.2,269.85,2.6
liverpool,80,GB,1547171400,87,53.41,-2.98,280.15,3.1
rosarito,75,CO,1547172000,100,4.91,-75.23,294.15,1.5
mabaruma,68,GY,1547173366,84,8.2,-59.78,298.286,3.11
huarmey,44,PE,1547173367,96,-10.07,-78.15,291.061,1.41
vestmannaeyjar,92,IS,1547173367,97,63.44,-20.27,278.961,7.01
mandalgovi,0,MN,1547173367,56,45.76,106.27,255.136,2.31
pahrump,1,US,1547171760,58,36.21,-115.98,286.15,1.01
coquimbo,40,CL,1547172000,87,-29.95,-71.34,288.15,2.6
laem sing,20,TH,1547172000,94,12.48,102.07,300.15,1.0
stykkisholmur,92,IS,1547173368,100,65.08,-22.73,273.036,4.01
labuhan,92,ID,1547173368,99,-2.54,115.51,295.536,0.36
campos,0,PT,1547170200,45,41.54,-8.28,282.15,6.2
ochamchira,0,GE,1547173369,100,42.71,41.47,278.086,2.81
trat,20,TH,1547172000,94,12.25,102.51,300.15,1.0
doha,20,QA,1547171760,68,25.29,51.53,289.15,6.7
san cristobal,75,EC,1547172000,100,-0.39,-78.55,285.15,1.0
paamiut,0,GL,1547173370,100,61.99,-49.67,270.811,2.01
garoua,0,CM,1547173370,65,9.31,13.39,288.561,1.26
ustka,48,PL,1547173370,98,54.58,16.86,274.061,7.31
sharjah,75,AE,1547172000,72,25.36,55.39,291.15,3.6
hilton head island,1,US,1547172900,83,32.16,-80.75,279.15,1.5
grand-santi,48,GF,1547173371,92,4.27,-54.38,296.086,1.11
ampanihy,100,MG,1547173372,96,-24.69,44.75,295.686,4.11
lokosovo,48,RU,1547173372,80,61.13,74.84,245.311,3.41
peshkopi,90,AL,1547173200,93,41.68,20.43,276.15,2.6
sabak,75,MY,1547172000,88,3.77,100.99,301.15,0.5
anito,68,PH,1547173373,96,12.45,125.29,300.211,9.16
kudahuvadhoo,56,MV,1547173373,100,2.67,72.89,298.911,3.26
babushkin,32,RU,1547173373,76,51.72,105.86,260.686,1.21
amahai,20,ID,1547173373,100,-3.31,129.0,300.611,3.01
tautira,75,PF,1547172000,78,-17.73,-149.15,299.15,2.6
caceres,32,CO,1547173374,96,5.53,-74.53,292.236,1.01
badou,0,TG,1547173434,91,7.58,0.61,294.236,1.71
puerto colombia,20,CO,1547172000,83,10.99,-74.96,298.15,6.2
port blair,56,IN,1547173435,100,11.67,92.75,300.036,5.26
northam,75,GB,1547171400,93,51.04,-4.21,281.15,3.6
umba,88,RU,1547173436,81,66.69,34.34,268.936,10.41
tilichiki,44,RU,1547173436,82,60.47,166.1,267.786,4.21
yining,80,CN,1547173436,100,29.04,114.56,277.436,1.31
mkokotoni,56,TZ,1547173437,100,-5.88,39.25,301.211,7.81
orlik,56,RU,1547173437,72,52.51,99.83,257.361,1.16
bataipora,36,BR,1547173437,73,-22.3,-53.27,298.461,3.71
catuday,8,PH,1547173437,88,16.29,119.81,301.711,2.06
redlands,1,US,1547171880,92,34.06,-117.19,286.15,0.86
chinsali,92,ZM,1547173438,98,-10.55,32.07,290.186,1.76
imeni poliny osipenko,0,RU,1547173438,69,52.42,136.49,249.811,1.21
kingaroy,40,AU,1547172000,42,-26.54,151.84,302.15,4.1
budaun,0,IN,1547173439,86,28.04,79.12,282.061,1.31
port shepstone,12,ZA,1547173439,87,-30.74,30.45,295.561,7.56
surgut,40,RU,1547172000,74,61.25,73.4,242.15,4.0
uyuni,8,BO,1547173440,75,-20.46,-66.82,279.836,4.01
husainabad,0,IN,1547173440,83,24.53,84.02,283.936,1.21
selkirk,90,CA,1547172000,61,50.15,-96.88,264.15,5.1
nome,90,US,1547172900,69,30.04,-94.42,284.25,2.51
nuuk,0,GL,1547171400,78,64.17,-51.74,264.15,6.2
lasa,75,CY,1547172000,76,34.92,32.53,284.15,4.1
mezhdurechensk,68,RU,1547173441,76,53.69,88.07,257.711,1.51
porto walter,92,BR,1547173442,98,-8.27,-72.74,295.036,0.76
ibanda,12,UG,1547173442,79,0.33,30.08,286.061,0.86
sri aman,75,MY,1547172000,83,1.24,111.46,302.15,1.41
ayolas,76,PY,1547173443,96,-27.39,-56.84,296.086,4.76
turukhansk,56,RU,1547173443,35,65.8,87.96,242.186,3.91
flinders,75,AU,1547172240,74,-34.58,150.85,300.15,3.6
vao,88,EE,1547173443,90,59.1,26.19,267.961,7.01
montespertoli,0,IT,1547171400,85,43.64,11.08,271.15,0.5
fasa,0,IR,1547172000,74,28.94,53.65,276.15,1.66
klyuchi,56,RU,1547173444,59,52.25,79.17,251.836,0.86
port-cartier,90,CA,1547168400,85,50.03,-66.88,267.15,4.6
sorong,24,ID,1547173445,100,-0.86,131.25,301.086,3.86
glendive,1,US,1547172900,84,47.11,-104.71,274.15,2.1
parrita,20,CR,1547172000,68,9.52,-84.33,294.15,5.7
bahir dar,0,ET,1547173446,43,11.59,37.39,278.236,1.31
acajutla,0,SV,1547167800,47,13.59,-89.83,298.15,3.6
casablanca,75,MA,1547172000,100,33.6,-7.62,280.15,1.5
santa rosa,0,AR,1547173448,59,-36.62,-64.29,286.086,4.41
taksimo,20,RU,1547173449,54,56.36,114.84,248.086,0.71
kahului,40,US,1547171760,58,20.89,-156.47,300.95,5.1
kuytun,88,RU,1547173449,82,54.34,101.51,262.111,3.01
fangshan,0,CN,1547172000,36,39.75,116.14,273.15,2.0
